INSERT INTO PRODUCT_CATEGORY (PRODUCT_CATEGORY_ID, PRODUCT_CATEGORY_NAME) VALUES(26576, 'Appeteasers');
INSERT INTO PRODUCT_CATEGORY (PRODUCT_CATEGORY_ID, PRODUCT_CATEGORY_NAME) VALUES(26582, 'Fino sides');
INSERT INTO PRODUCT_CATEGORY (PRODUCT_CATEGORY_ID, PRODUCT_CATEGORY_NAME) VALUES(26588, 'Peri-peri chicken');
INSERT INTO PRODUCT_CATEGORY (PRODUCT_CATEGORY_ID, PRODUCT_CATEGORY_NAME) VALUES(26594, 'Sharing platters');
INSERT INTO PRODUCT_CATEGORY (PRODUCT_CATEGORY_ID, PRODUCT_CATEGORY_NAME) VALUES(26600, 'Dessert');
INSERT INTO PRODUCT_CATEGORY (PRODUCT_CATEGORY_ID, PRODUCT_CATEGORY_NAME) VALUES(26579, 'Sides');
INSERT INTO PRODUCT_CATEGORY (PRODUCT_CATEGORY_ID, PRODUCT_CATEGORY_NAME) VALUES(26585, 'Salads');
INSERT INTO PRODUCT_CATEGORY (PRODUCT_CATEGORY_ID, PRODUCT_CATEGORY_NAME) VALUES(26591, 'Try someting new');
INSERT INTO PRODUCT_CATEGORY (PRODUCT_CATEGORY_ID, PRODUCT_CATEGORY_NAME) VALUES(26597, 'Burgers, pitas, wraps');


INSERT INTO PRODUCT (PRODUCT_ID,PRODUCT_NAME,PRODUCT_DESCRIPTION,PRODUCT_CATEGORY_ID,PRODUCT_PRICE,IS_OUT_OF_STOCK,IS_ACTIVE) VALUES
	 (224471,'3 Chicken Wings - 3 Chicken Wings','Tender, Spicy and Juicy. Original or Peri-Crusted',26576,7.50,0,1),
	 (224474,'Chicken Livers and Portuguese Roll - Chicken Livers and Portuguese Roll','Chicken Livers Topped with PERi-PERi Sauce, Served with A Roll To Soak Up The Sauce',26576,7.50,0,1),
	 (224477,'Spicy Mixed Olives (V) - Spicy Mixed Olives (V)','Co-Starring Garlic, Pepper and Chili',26576,7.15,0,1),
	 (224480,'Hummus with PERI-PERI Drizzle (V) - Hummus with PERI-PERI Drizzle (V)','Pour Smoky PERi-PERi Oil Over Creamy Hummus and Dig in with Strips Of Warm Pita',26576,7.15,0,1),
	 (224483,'Red Pepper Dip (V) - Red Pepper Dip (V)','Dive Into Temping Roasted Red Pepper and Chili Spice Dip with Warm Pita Strips',26576,7.05,0,1),
	 (224486,'Appeteaser Platter - Appeteaser Platter','Choose any Three Appeteasers',26576,11.15,0,1),
	 (224489,'All Together Now (V) - All Together Now (V)','Spicy Mixed Olives, Red Pepper Dip, Hummus with PERi-PERi Drizzle and Warm Pita Strips',26576,10.20,0,1),
	 (224492,'PERi-PERi Chips (P) - Regular','Crunchy Chips with PERi-PERi Sauce',26579,6.30,0,1),
	 (224495,'PERi-PERi Chips (P) - Large','Crunchy Chips with PERi-PERi Sauce',26579,7.20,0,1),
	 (224498,'Spicy Rice - Regular','Spicy fried rice',26579,6.30,0,1);
INSERT INTO PRODUCT (PRODUCT_ID,PRODUCT_NAME,PRODUCT_DESCRIPTION,PRODUCT_CATEGORY_ID,PRODUCT_PRICE,IS_OUT_OF_STOCK,IS_ACTIVE) VALUES
	 (224501,'Spicy Rice - Large','Spicy fried rice',26579,7.20,0,1),
	 (224504,'Coleslaw (M) - Regular','Cabbage, Carrot, Nando&amp;#039;s Special Mayonnaise',26579,6.30,0,1),
	 (224507,'Coleslaw (M) - Large','Cabbage, Carrot, Nando&amp;#039;s Special Mayonnaise',26579,7.20,0,1),
	 (224510,'Grilled Veg - Regular','Grilled Assorted Vegetables',26579,6.30,0,1),
	 (224513,'Grilled Veg - Large','Grilled Assorted Vegetables',26579,7.20,0,1),
	 (224516,'Garlic Bread - Regular','Toasted Garlic Flavored Bread',26579,6.30,0,1),
	 (224519,'Garlic Bread - Large','Toasted Garlic Flavored Bread',26579,7.20,0,1),
	 (224522,'PERi-PERi Wedges (P) - Regular',NULL,26582,6.90,0,1),
	 (224525,'PERi-PERi Wedges (P) - Large',NULL,26582,8.30,0,1),
	 (224528,'Corn-On-The-Cob - Regular',NULL,26582,6.90,0,1);
INSERT INTO PRODUCT (PRODUCT_ID,PRODUCT_NAME,PRODUCT_DESCRIPTION,PRODUCT_CATEGORY_ID,PRODUCT_PRICE,IS_OUT_OF_STOCK,IS_ACTIVE) VALUES
	 (224531,'Corn-On-The-Cob - Large',NULL,26582,8.30,0,1),
	 (224534,'Portuguese Salad - Portuguese Salad','Fresh Tomato, Nando&amp;#039;s Peri-Olives, Mixed Peppers, Cucumber and Onion on A Bed of Crisp Lettuce',26585,7.45,0,1),
	 (224537,'Mediterranean Salad - Mediterranean Salad','Piccolo Tomato, Cucumber, Sweet Peppers and Mixed Leaves. Sprinkled with Olives and Feta Cheese',26585,8.50,0,1),
	 (224540,'Caesar Salad (M) - Caesar Salad (M)','Cos Lettuce Sprinkled with Parmesan Cheese, Caesar Dressing and Crunchy Croutons',26585,7.45,0,1),
	 (224543,'1/4 Chicken - On its own','Quarter Chicken Marinated with PERi-PERi Sauce and Grilled',26588,8.85,0,1),
	 (224546,'1/4 Chicken - With 1 Regular Side','Quarter Chicken Marinated with PERi-PERi Sauce and Grilled',26588,9.85,0,1),
	 (224549,'1/4 Chicken - With 2 Regular Sides','Quarter Chicken Marinated with PERi-PERi Sauce and Grilled',26588,10.75,0,1),
	 (224552,'1/2 Chicken - On its own','Half Chicken Marinated with PERi-PERi Sauce and Grilled',26588,11.85,0,1),
	 (224555,'1/2 Chicken - With 1 Regular Side','Half Chicken Marinated with PERi-PERi Sauce and Grilled',26588,12.85,0,1),
	 (224558,'1/2 Chicken - With 2 Regular Sides','Half Chicken Marinated with PERi-PERi Sauce and Grilled',26588,13.75,0,1);
INSERT INTO PRODUCT (PRODUCT_ID,PRODUCT_NAME,PRODUCT_DESCRIPTION,PRODUCT_CATEGORY_ID,PRODUCT_PRICE,IS_OUT_OF_STOCK,IS_ACTIVE) VALUES
	 (224561,'5 Chicken Wings - On its own','Original Flavours or PERi-PEREi Crusted (P)',26588,9.75,0,1),
	 (224564,'5 Chicken Wings - With 1 Regular Side','Original Flavours or PERi-PEREi Crusted (P)',26588,10.75,0,1),
	 (224567,'5 Chicken Wings - With 2 Regular Sides','Original Flavours or PERi-PEREi Crusted (P)',26588,11.65,0,1),
	 (224570,'Wing Roulette - Wing Roulette','10 Wings in PERi-PERi Flavors',26588,12.50,0,1),
	 (224573,'Whole Chicken - Whole Chicken','Whole Chicken Marinated in PERi-PERi Sauce and Grilled',26588,18.50,0,1),
	 (224576,'Chicken Butterfly - On its own','Succulent Double Chicken Breast in Crispy Skin',26588,9.95,0,1),
	 (224579,'Chicken Butterfly - With 1 Regular Side','Succulent Double Chicken Breast in Crispy Skin',26588,10.95,0,1),
	 (224582,'Chicken Butterfly - With 2 Regular Sides','Succulent Double Chicken Breast in Crispy Skin',26588,11.85,0,1),
	 (224585,'Espetada - On its own','Tender Marinated Chicken Thighs and Fresh Peppers, Served on a Skewer',26588,11.95,0,1),
	 (224588,'Espetada - With 1 Regular Side','Tender Marinated Chicken Thighs and Fresh Peppers, Served on a Skewer',26588,12.95,0,1);
INSERT INTO PRODUCT (PRODUCT_ID,PRODUCT_NAME,PRODUCT_DESCRIPTION,PRODUCT_CATEGORY_ID,PRODUCT_PRICE,IS_OUT_OF_STOCK,IS_ACTIVE) VALUES
	 (224591,'Espetada - With 2 Regular Sides','Tender Marinated Chicken Thighs and Fresh Peppers, Served on a Skewer',26588,13.85,0,1),
	 (224594,'Espetada Carnival - On its own','Flame-Grilled PERi-PERi Thighs, Stuffed with Feta and Parsley, Skewered with Mixed Peppers',26588,13.25,0,1),
	 (224597,'Espetada Carnival - With 1 Regular Side','Flame-Grilled PERi-PERi Thighs, Stuffed with Feta and Parsley, Skewered with Mixed Peppers',26588,14.25,0,1),
	 (224600,'Espetada Carnival - With 2 Regular Sides','Flame-Grilled PERi-PERi Thighs, Stuffed with Feta and Parsley, Skewered with Mixed Peppers',26588,15.15,0,1),
	 (224603,'Grilled Chicken Tenders - On its own','Juicy and Tender, Delicious with All Sides',26588,7.00,0,1),
	 (224606,'Grilled Chicken Tenders - With 1 Regular Side','Juicy and Tender, Delicious with All Sides',26588,8.00,0,1),
	 (224609,'Grilled Chicken Tenders - With 2 Regular Sides','Juicy and Tender, Delicious with All Sides',26588,8.90,0,1),
	 (224612,'Cataplana Algarve - Cataplana Algarve','PERi-PERi Chicken Thighs, Mixed Peppers, Chickpeas, Spicy Rice and Cataplana Sauce',26591,12.95,0,1),
	 (224615,'Full Platter - With 2 Large Sides','For 3-4 People, Whole Chicken with  2 Large or 4 Regular Rides',26594,22.65,0,1),
	 (224618,'Full Platter - With 4 Regular Sides','For 3-4 People, Whole Chicken with  2 Large or 4 Regular Rides',26594,22.65,0,1);
INSERT INTO PRODUCT (PRODUCT_ID,PRODUCT_NAME,PRODUCT_DESCRIPTION,PRODUCT_CATEGORY_ID,PRODUCT_PRICE,IS_OUT_OF_STOCK,IS_ACTIVE) VALUES
	 (224621,'No Bones Platter - With 2 Large Sides','For 2-3 People, Chicken Butterfly and a Espetada, with 2 Large or 4 Regular Sides',26594,20.50,0,1),
	 (224624,'No Bones Platter - With 4 Regular Sides','For 2-3 People, Chicken Butterfly and a Espetada, with 2 Large or 4 Regular Sides',26594,20.50,0,1),
	 (224627,'Jumbo Platter - Jumbo Platter','For 4-6 People, 2 Whole Chickens and 5 Large Sides',26594,40.95,0,1),
	 (224630,'Chicken Wrap (Y) - On its own','A Lightly Toasted Wrap, Generously Filled With Tender Chicken, Chili Jam, Green Leaf Lettuce and Tangy Yoghurt Sauce',26597,8.35,0,1),
	 (224633,'Chicken Wrap (Y) - With 1 Regular Side','A Lightly Toasted Wrap, Generously Filled With Tender Chicken, Chili Jam, Green Leaf Lettuce and Tangy Yoghurt Sauce',26597,9.35,0,1),
	 (224636,'Chicken Wrap (Y) - With 2 Regular Sides','A Lightly Toasted Wrap, Generously Filled With Tender Chicken, Chili Jam, Green Leaf Lettuce and Tangy Yoghurt Sauce',26597,10.25,0,1),
	 (224639,'Chicken Breast Burger (M) - On its own','Served on A Toasted Portuguese Roll with Fresh Rocket, Tomato, Pickled Red Onions and Perinaise',26597,8.35,0,1),
	 (224642,'Chicken Breast Burger (M) - With 1 Regular Side','Served on A Toasted Portuguese Roll with Fresh Rocket, Tomato, Pickled Red Onions and Perinaise',26597,9.35,0,1),
	 (224645,'Chicken Breast Burger (M) - With 2 Regular Sides','Served on A Toasted Portuguese Roll with Fresh Rocket, Tomato, Pickled Red Onions and Perinaise',26597,10.25,0,1),
	 (224648,'Chicken Caesar Wrap (M) - On its own','Served in A Toasted Wrap Full Of PERi-PERi Chicken, Crunchy Croutons, Parmesan Cheese and Sundried Tomatoes, All Smothered in Creamy Caesar Dressing',26597,8.35,0,1);
INSERT INTO PRODUCT (PRODUCT_ID,PRODUCT_NAME,PRODUCT_DESCRIPTION,PRODUCT_CATEGORY_ID,PRODUCT_PRICE,IS_OUT_OF_STOCK,IS_ACTIVE) VALUES
	 (224651,'Chicken Caesar Wrap (M) - With 1 Regular Side','Served in A Toasted Wrap Full Of PERi-PERi Chicken, Crunchy Croutons, Parmesan Cheese and Sundried Tomatoes, All Smothered in Creamy Caesar Dressing',26597,9.35,0,1),
	 (224654,'Chicken Caesar Wrap (M) - With 2 Regular Sides','Served in A Toasted Wrap Full Of PERi-PERi Chicken, Crunchy Croutons, Parmesan Cheese and Sundried Tomatoes, All Smothered in Creamy Caesar Dressing',26597,10.25,0,1),
	 (224657,'Chicken Pita (M) - On its own','Served in A Lightly Toasted Pita, Stuffed With Chicken Tenders, Crisp Veggie Salad and Creamy Whip',26597,8.35,0,1),
	 (224660,'Chicken Pita (M) - With 1 Regular Side','Served in A Lightly Toasted Pita, Stuffed With Chicken Tenders, Crisp Veggie Salad and Creamy Whip',26597,9.35,0,1),
	 (224663,'Chicken Pita (M) - With 2 Regular Sides','Served in A Lightly Toasted Pita, Stuffed With Chicken Tenders, Crisp Veggie Salad and Creamy Whip',26597,10.25,0,1),
	 (224665,'Dessert - Caramel Cheese Cake',NULL,26600,7.30,0,1),
	 (224668,'Dessert - Lighten Up Chocolate Cake',NULL,26600,7.30,0,1);



insert into CUSTOMER  (customer_id , firstname, lastname, user_password, username, active) values (1001, 'Van', 'Kulas', 'password', 'vankulas', 1);
insert into CUSTOMER  (customer_id , firstname, lastname, user_password, username, active) values (1002, 'Wade', 'Nader', 'password', 'wadenader', 1);
insert into CUSTOMER  (customer_id , firstname, lastname, user_password, username, active) values (1003, 'Andre', 'Hane', 'password', 'andrehane', 1);
insert into CUSTOMER  (customer_id , firstname, lastname, user_password, username, active) values (1004, 'Frida', 'Moen', 'password', 'fridamoen', true);
insert into CUSTOMER  (customer_id , firstname, lastname, user_password, username, active) values (1005, 'Tito', 'Kling', 'password', 'titokling', true);
insert into CUSTOMER  (customer_id , firstname, lastname, user_password, username, active) values (1006, 'Dino', 'Wiza', 'password', 'dinowiza', true);
insert into CUSTOMER  (customer_id , firstname, lastname, user_password, username, active) values (1007, 'Joel', 'Random', 'password', 'joelrandom', true);

INSERT INTO CUSTOMER_ADDRESS( customer_id, address_line1, address_line2, city, state, country, phone_number, is_default) values ( 1001, '80414 Abigale Lakes', ' Lake Gerardoville',null, ' Idaho', ' United States', '0491 570 006', 1);

INSERT INTO CUSTOMER_ADDRESS( customer_id, address_line1, address_line2, city, state, country, phone_number, is_default) values ( 1001, '64649 Oda Path', ' Darbyshire',null, ' Iowa', ' United States', '0491 570 156', 0);
INSERT INTO CUSTOMER_ADDRESS( customer_id, address_line1, address_line2, city, state, country, phone_number, is_default) values ( 1001, '91377 Bertha Inlet', ' Lake Marianfurt',null, ' New Mexico', ' United States', '0491 570 157', 0);
INSERT INTO CUSTOMER_ADDRESS( customer_id, address_line1, address_line2, city, state, country, phone_number, is_default) values ( 1002, '26460 Blanda Springs', ' North Ethaport',null, ' Virginia', ' United States', '0491 570 158', 0);
INSERT INTO CUSTOMER_ADDRESS( customer_id, address_line1, address_line2, city, state, country, phone_number, is_default) values ( 1002, '664 Doyle Prairie', ' Pfefferfort',null, ' South Carolina', ' United States', '0491 570 159', 1);
INSERT INTO CUSTOMER_ADDRESS( customer_id, address_line1, address_line2, city, state, country, phone_number, is_default) values ( 1002, '417 Lillie Forks', ' Lake Alanis',null, ' Ohio', ' United States', '0491 570 110', 0);
INSERT INTO CUSTOMER_ADDRESS( customer_id, address_line1, address_line2, city, state, country, phone_number, is_default) values ( 1003, '7709 Rolfson Course', ' Considinetown',null, ' Washington', ' United States', '0491 570 313', 1);
INSERT INTO CUSTOMER_ADDRESS( customer_id, address_line1, address_line2, city, state, country, phone_number, is_default) values ( 1003, '27549 Frami Prairie', ' Codyfort',null, ' Idaho', ' United States', '0491 570 737', 0);
INSERT INTO CUSTOMER_ADDRESS( customer_id, address_line1, address_line2, city, state, country, phone_number, is_default) values ( 1004, '25701 Considine Valleys', ' Stephaniaport',null, ' Kansas', ' United States', '0491 571 266', 1);
INSERT INTO CUSTOMER_ADDRESS( customer_id, address_line1, address_line2, city, state, country, phone_number, is_default) values ( 1004, '3850 Hansen Run', ' East Matilde',null, ' Idaho', ' United States', '0491 571 491', 0);
INSERT INTO CUSTOMER_ADDRESS( customer_id, address_line1, address_line2, city, state, country, phone_number, is_default) values ( 1004, '5383 Bogan Glen', ' East Mercedes',null, ' New Mexico', ' United States', '0491 571 804', 0);
INSERT INTO CUSTOMER_ADDRESS( customer_id, address_line1, address_line2, city, state, country, phone_number, is_default) values ( 1005, '7247 Bauch Key', ' Hilllchester',null, ' Texas', ' United States', '0491 572 549', 1);
INSERT INTO CUSTOMER_ADDRESS( customer_id, address_line1, address_line2, city, state, country, phone_number, is_default) values ( 1005, '85317 Ernser Pike', ' West Jaleelshire',null, ' Indiana', ' United States', '0491 572 665', 0);
INSERT INTO CUSTOMER_ADDRESS( customer_id, address_line1, address_line2, city, state, country, phone_number, is_default) values ( 1006, '4330 Kemmer Road', ' Dinabury',null, ' Minnesota', ' United States', '0491 572 983', 0);
INSERT INTO CUSTOMER_ADDRESS( customer_id, address_line1, address_line2, city, state, country, phone_number, is_default) values ( 1006, '72498 Emmet Cove', ' Jerrodtown',null, ' Michigan', ' United States', '0491 577 426', 1);
INSERT INTO CUSTOMER_ADDRESS( customer_id, address_line1, address_line2, city, state, country, phone_number, is_default) values ( 1007, '164 Odessa Glen', ' East Deonshire',null, ' Oklahoma', ' United States', '0491 577 644', 0);
INSERT INTO CUSTOMER_ADDRESS( customer_id, address_line1, address_line2, city, state, country, phone_number, is_default) values ( 1007, '98528 Kohler Shore', ' Port Zakaryhaven',null, ' Hawaii', ' United States', '0491 578 957', 0);
INSERT INTO CUSTOMER_ADDRESS( customer_id, address_line1, address_line2, city, state, country, phone_number, is_default) values ( 1007, '5382 Candida Divide', ' Hegmanntown',null, ' Alaska', ' United States', '0491 578 148', 1);
INSERT INTO CUSTOMER_ADDRESS( customer_id, address_line1, address_line2, city, state, country, phone_number, is_default) values ( 1007, '1272 Johnson Mews', ' North Kyleborough',null, ' Rhode Island', ' United States', '0491 578 888', 0);
INSERT INTO CUSTOMER_ADDRESS( customer_id, address_line1, address_line2, city, state, country, phone_number, is_default) values ( 1003, '3702 Joshuah Lane', ' Lake Sadyechester',null, ' Colorado', ' United States ', '0491 579 212', 0);
